RES.ID	CHAIN.ID	RES.Num	E+E.Ala	V+V.Ala	sAB+sAB.Ala	sA+sA.Ala	Total.AAG.Change
SER	A	19	-0.33360981035609333	0.08145879062073325	1.7596029999999998	1.7596030000000003	3.26705498026464
THR	A	20	0.11175042022362813	0.04014566770288719	-0.858969	-0.858969	-1.5660419120734845
ILE	A	21	0.016393521202827884	0.20609846290559863	-0.884811	-0.884811	-1.5471300158915735
GLU	A	23	0.35905292416485235	0.12815704156407842	2.638390000000001	2.638390000000001	5.763989965728933
GLN	A	24	-0.4471099781502935	0.8239405090108134	1.697487	2.485606	4.5599235308605195
ALA	A	25	0.0	0.0	0.0	0.0	0.0
LYS	A	26	-0.3377581941905633	0.0973946551315999	3.9902319999999993	3.9902319999999993	7.7401004609410355
THR	A	27	0.09284598162464304	2.853669395434561	0.767895	-0.26425600000000016	3.4501543770592042
PHE	A	28	0.040297139767991465	1.3121243342869269	-0.48673500000000003	-1.403817	-0.5381305259450816
LEU	A	29	-0.03304593407573459	0.08107848981057536	-0.03146399999999999	-0.03146399999999999	-0.014895444265159208
ASP	A	30	-1.4474442075843148	2.217665733094077	1.6563050000000001	3.34755	5.774076525509763
LYS	A	31	-0.8357420596834383	4.425800633864915	0.20747899999999997	2.4986490000000003	6.296186574181477
PHE	A	32	0.0036903320335386174	0.10904429120643078	-0.007770000000000001	-0.007770000000000001	0.09719462323996941
ASN	A	33	0.016412783770099366	0.10677723643900044	2.2458899999999997	2.2458899999999997	4.6149700202091
HIE	A	34	0.08739798435073054	-2.0486748622452846	1.66617	3.015696	2.720589122105446
GLU	A	35	-0.13151182023325655	1.32453481274477	1.969966	2.627797	5.7907859925115135
GLU	A	37	0.46674666021053074	1.9790032021068935	0.910681	1.2670650000000003	4.623495862317425
ASP	A	38	-0.2926488006441539	1.5815626791356574	0.8174100000000002	2.406064	4.512387878491504
LEU	A	39	-0.03688584613818755	0.12742330426663323	-0.8303949999999999	-0.8303949999999999	-1.570252541871554
TYR	A	41	0.23399752318663578	6.064993036336331	0.0	-1.6474860000000002	4.651504559522966
GLN	A	42	-0.37214887583740697	1.6307338086950147	0.676711	5.562621	7.497916932857608
SER	A	43	0.10173369830184774	0.006099215850463635	0.5719	0.5719	1.2516329141523113
LEU	A	45	-0.02027803854394407	1.6829641508197932	-0.39299599999999996	-0.9449649999999998	0.3247251122758496
TRP	A	48	0.01898978959754319	0.13070545992260743	1.263656	1.263656	2.6770072495201505
ASN	A	49	-0.00465123156712104	0.112009650647589	4.134264	4.134264	8.375886419080468
GLU	A	75	0.19709016836383994	0.12576794429001917	2.9054140000000004	2.9054140000000004	6.13368611265386
GLN	A	76	-0.01492995646832847	0.19191772360172935	2.1837279999999994	2.1837279999999994	4.5444437671334
THR	A	78	0.08135154935774012	0.02980360413044897	0.07090899999999996	0.07090899999999996	0.252973153488189
LEU	A	79	-0.008806565547573551	1.015208290136513	-0.656849	-1.126966	-0.7774132754110605
ALA	A	80	0.0	0.0	0.0	0.0	0.0
GLN	A	81	-0.006412886025383792	0.018627817145066436	0.8022719999999999	0.8022719999999999	1.6167589311196824
MET	A	82	0.005752695817504941	1.4767152447167222	-1.49606	-1.887126	-1.9007180594657729
TYR	A	83	0.2479281787991667	4.197860305152305	0.0024909999999999967	-0.1313390000000001	4.316940483951472
PRO	A	84	-0.039120975915845256	0.03981383183489717	-0.337136	-0.337136	-0.6735791440809481
THR	A	324	0.13062123818650817	0.2343696832296508	-0.43599699999999997	-0.44998099999999996	-0.520987078583841
GLN	A	325	-0.0149318083592405	0.33205566657581165	5.642494999999999	5.772695	11.732313858216571
GLY	A	326	0.0	0.0	0.0	0.0	0.0
PHE	A	327	0.004626306512670295	0.04127059208420661	0.0	0.0	0.0458968985968769
GLU	A	329	0.4178950202360324	0.2681860378145632	1.7135100000000003	1.7135100000000003	4.113101058050597
ASN	A	330	-0.09733054819841065	1.7424155304474922	0.900744	3.3847000000000005	5.930528982249082
LEU	A	351	-0.05161881702140528	0.2524693728563597	0.0	0.0	0.20085055583495443
GLY	A	352	0.0	0.0	0.0	0.0	0.0
LYS	A	353	-1.1233538005439574	5.618468966011447	0.15596799999999994	2.462829	7.113912165467488
GLY	A	354	0.0	0.0	0.0	0.0	0.0
ASP	A	355	0.6107693225839399	1.8803188794371475	0.037881000000000005	0.068191	2.597160202021088
PHE	A	356	0.01295536827047412	0.2983419743461762	-1.1145509999999998	-1.1145509999999998	-1.9178046573833496
ARG	A	357	-0.35388128097926097	1.421422116363201	0.483462	1.2802229999999999	2.83122583538394
ALA	A	386	0.0	0.0	0.0	0.0	0.0
ALA	A	387	0.0	0.0	0.0	0.0	0.0
GLN	A	388	0.0004422835968015933	0.023139885748037894	1.2810019999999998	1.2810019999999998	2.585586169344839
ARG	A	393	-0.42679456423227646	0.6750726949580452	0.967646	1.662095	2.878019130725769
ARG	E	403	3.464371454805363	0.9227658648106005	2.7479649999999998	2.845993	9.981095319615964
ASP	E	405	-2.8708606927771374	0.20559866355194784	2.2988280000000003	2.2988280000000003	1.9323939707748112
GLU	E	406	-2.8965163048041696	0.12346050771208812	0.709914	0.709914	-1.3532277970920816
LYS	E	417	1.1651787132642497	1.5646719349890115	0.360141	1.3149660000000003	4.404957648253261
TYR	E	421	-0.05203937168722857	0.22251066851334472	1.0081109999999995	1.0081109999999995	2.1866932968261152
ASN	E	439	0.07615004977040274	0.13881652971228725	2.426804	2.426804	5.068574579482691
LYS	E	444	2.8462782180337722	0.07062116700080784	5.275702999999999	5.275702999999999	13.468305385034578
VAL	E	445	-0.5693552345831605	0.34321021914647454	-1.773992	-1.9075810000000002	-3.9077180154366866
GLY	E	446	0.0	0.0	0.0	0.0	0.0
GLY	E	447	0.0	0.0	0.0	0.0	0.0
ASN	E	448	0.14009971749836417	0.030603791310839068	1.4231800000000001	1.4231800000000001	3.0170635088092035
TYR	E	449	-0.8691554025920448	0.6385720315074305	-5.4992719999999995	-5.561897	-11.291752371084614
TYR	E	453	-0.06120636778080628	-5.007947028752967	-0.47075700000000004	0.22081799999999996	-5.319092396533772
ARG	E	454	2.514635495565071	0.05407713793817537	0.331947	0.331947	3.2326066335032464
LEU	E	455	0.2315025409820844	4.984404390072015	0.0	-0.777803	4.4381039310540995
PHE	E	456	-0.04792349979652695	3.4311640735511992	-0.8367180000000001	-5.847369000000001	-3.3008464262453283
ARG	E	457	2.3614735832738036	0.028126818156704175	1.6470040000000001	1.6470040000000001	5.683608401430508
TYR	E	473	-0.054375993101692575	1.000304489194739	0.499255	-0.18283999999999992	1.2623434960930466
GLN	E	474	0.04123397110653866	0.08896238532146977	3.788255	3.788255	7.706706356428008
ALA	E	475	0.0	0.0	0.0	0.0	0.0
GLY	E	476	0.0	0.0	0.0	0.0	0.0
SER	E	477	-0.6032053936857369	0.06517675249111349	1.106605	1.106605	1.6751813588053768
THR	E	478	-0.8550577168001984	0.0707285446327772	-0.6686050000000001	-0.6686050000000001	-2.1215391721674215
GLU	E	484	-3.2897669061861827	0.5605242438313816	2.7020020000000007	3.6656560000000007	3.6384153376452004
GLY	E	485	0.0	0.0	0.0	0.0	0.0
PHE	E	486	-0.06274131321809286	5.637555287497569	-4.374066	-13.937382	-12.736634025720523
ASN	E	487	-0.13421154221035148	0.7049270237212979	0.610328	3.521092	4.702135481510946
CYS	E	488	-0.3433020898008884	0.05022607040030069	-0.13195	-0.13195	-0.5569760194005877
TYR	E	489	0.10180117938781078	7.746749907580378	-1.638326	-5.09429	1.1159350869681897
PHE	E	490	-0.015633087564774828	0.13345275347953517	-7.204233	-7.204233	-14.29064633408524
PRO	E	491	0.4399975529883866	0.0415179716518535	-0.004636000000000001	-0.004636000000000001	0.4722435246402401
LEU	E	492	0.2579209462474887	0.036922083805143724	-0.038645999999999986	-0.038645999999999986	0.21755103005263238
GLN	E	493	-0.3768426372749604	2.7528386346752844	0.414582	1.4207249999999998	4.211302997400324
SER	E	494	-0.6896470879858501	0.05665435177408851	0.0	0.0	-0.6329927362117616
TYR	E	495	-0.016031564087265304	0.2706577810339653	-0.625263	-0.625263	-0.9958997830533
GLY	E	496	0.0	0.0	0.0	0.0	0.0
PHE	E	497	-0.02601106889064849	0.2595750507254142	-0.217227	-0.217227	-0.20089001816523433
GLN	E	498	-0.5163553870591002	4.646293928873573	-0.011000999999999999	2.4337799999999996	6.552717541814473
PRO	E	499	0.5480181329184222	0.22186653123202793	-0.251275	-0.251275	0.26733466415045004
THR	E	500	-0.9397531699211656	1.8938281723202905	-0.5208039999999999	-0.3066450000000001	0.12662600239912486
ASN	E	501	0.26413835704648103	3.3650351373874594	0.057784	0.872202	4.559159494433939
GLY	E	502	0.0	0.0	0.0	0.0	0.0
VAL	E	503	-0.5662790716281862	0.38802304415204336	-1.3676009999999998	-1.51943	-3.065287027476143
GLY	E	504	0.0	0.0	0.0	0.0	0.0
TYR	E	505	0.01461708727009802	7.55974611238524	-1.6400450000000002	-7.254852999999999	-1.3205348003446609
GLN	E	506	0.03996966610854749	0.4316283022055273	2.1355589999999998	2.1355589999999998	4.742715968314075
