RES_ID	ELECT.	VDW.	SOLV_AB	SOLV_A	ELECT.ALA	VDW.ALA	SOLV_AB.ALA	SOLV_A.ALA	DISTANCE
SER A19	0.25884899873064404	-0.9123953256142825	-3.8103089999999993	-4.806585	-0.0747608116254493	-0.8309365349935492	-2.0507059999999995	-3.046982	53.059223
THR A20	-0.039211603646510294	-0.2944341609135593	1.314106	1.314106	0.07253881657711783	-0.2542884932106721	0.455137	0.455137	53.89138
ILE A21	-0.01635962025404687	-0.4119267744049245	0.42063599999999995	0.42063599999999995	3.390094878101607e-05	-0.20582831149932584	-0.46417500000000006	-0.46417500000000006	59.18512
GLU A23	-0.39998212742773015	-0.5617858931338967	-2.450549000000001	-2.450549000000001	-0.0409292032628778	-0.4336288515698183	0.18784099999999998	0.18784099999999998	51.790398
GLN A24	0.39374007042673503	-3.112755714097445	-1.692053	-2.366924	-0.05336990772355851	-2.2888152050866317	0.005434	0.118682	54.55389
ALA A25	-0.011062457760033511	-0.4101022831605796	0.0	0.0	-0.011062457760033511	-0.4101022831605796	0.0	0.0	54.8717
LYS A26	0.39135192735727986	-0.5046957876349146	-3.8292589999999995	-3.8292589999999995	0.05359373316671656	-0.40730113250331473	0.16097299999999998	0.16097299999999998	49.353046
THR A27	0.09017322486109984	-6.3293748535179954	-0.717564	0.39670700000000014	0.18301920648574288	-3.4757054580834343	0.050331	0.13245099999999999	47.776543
PHE A28	-0.03475345343598171	-3.558979869668833	0.48673500000000003	1.430738	0.00554368633200975	-2.246855535381906	0.0	0.026921000000000004	53.22997
LEU A29	-0.0057057046265552285	-0.4730130955255453	0.12178999999999998	0.12178999999999998	-0.03875163870228982	-0.39193460571496996	0.09032599999999999	0.09032599999999999	51.475773
ASP A30	1.4094211198351618	-2.86058250739741	-1.6756820000000001	-3.238861	-0.038023087749152876	-0.6429167743033328	-0.019377000000000005	0.108689	44.942436
LYS A31	0.8721552370146703	-7.540970931192431	-0.20747899999999997	-2.204117	0.03641317733123205	-3.1151702973275164	0.0	0.294532	45.462795
PHE A32	-0.011409362668159062	-0.49952780363242266	0.011456000000000001	0.011456000000000001	-0.007719030634620445	-0.3904835124259919	0.003686	0.003686	49.63876
ASN A33	-0.048011082858000195	-0.46591836670656933	-2.022661	-2.022661	-0.03159829908790083	-0.3591411302675689	0.22322899999999998	0.22322899999999998	45.548008
HIE A34	-0.09607018139055097	0.05607514389821888	-1.7501909999999998	-2.720116	-0.008672197039820431	-1.9925997183470656	-0.08402099999999997	0.29558000000000006	39.8852
GLU A35	0.09251043915150955	-1.9406304435008068	-1.9623020000000002	-2.674569	-0.039001381081747	-0.6160956307560369	0.007664	-0.046772	47.884212
GLU A37	-0.5399118418570636	-2.479916621201555	-0.829221	-1.1856050000000002	-0.0731651816465329	-0.5009134190946615	0.08146	0.08146	43.681057
ASP A38	0.22532709049964836	-2.642961643212012	-0.5728610000000002	-2.161515	-0.06732171014450555	-1.0613989640763548	0.244549	0.244549	44.767853
LEU A39	-0.0005355871513963905	-0.3413431100323589	0.8147709999999999	0.8147709999999999	-0.037421433289583944	-0.21391980576572567	-0.015624	-0.015624	50.789448
TYR A41	-0.21509921351441683	-6.701928355770059	0.0	1.6474860000000002	0.01889830967221894	-0.636935319433729	0.0	0.0	44.228695
GLN A42	0.3620812810906964	-2.134939922724302	-0.5081819999999999	-5.394092	-0.010067594746710555	-0.5042061140292872	0.168529	0.168529	44.65092
SER A43	0.0031545506682708847	-0.09179075472885272	-0.538244	-0.538244	0.10488824897011863	-0.08569153887838908	0.033656	0.033656	54.130524
LEU A45	-0.024257853954987793	-2.016377046959405	0.42757599999999996	0.9795449999999999	-0.04453589249893186	-0.3334128961396118	0.03458	0.03458	44.926598
TRP A48	-7.869303125105287e-06	-0.18690553585327735	-1.263656	-1.263656	0.018981920294418083	-0.05620007593066992	0.0	0.0	51.393654
ASN A49	-0.009085163589351849	-0.1610791221033143	-3.903167	-3.903167	-0.013736395156472889	-0.049069471455725294	0.23109699999999997	0.23109699999999997	50.209705
GLU A75	-0.20980193018847126	-0.19497425650329406	-2.698005	-2.698005	-0.012711761824631313	-0.06920631221327489	0.20740899999999998	0.20740899999999998	55.853836
GLN A76	0.02412679120943821	-0.28445917892343503	-2.1837279999999994	-2.1837279999999994	0.009196834741109742	-0.09254145532170568	0.0	0.0	53.139736
THR A78	-0.0026870746736156457	-0.1295967559701424	-0.10833099999999996	-0.10833099999999996	0.07866447468412448	-0.09979315183969342	-0.037422	-0.037422	62.207165
LEU A79	0.0287729973275857	-1.8401097745301382	0.656849	1.122936	0.01996643178001215	-0.8249014843936254	0.0	-0.00403	55.64621
ALA A80	0.006255573529718384	-0.20157555180326314	0.0	0.0	0.006255573529718384	-0.20157555180326314	0.0	0.0	56.304886
GLN A81	0.001601682121138159	-0.12721460020525366	-1.240279	-1.240279	-0.004811203904245633	-0.10858678306018722	-0.438007	-0.438007	62.82907
MET A82	0.00960817426903292	-1.7127534341633825	1.3496579999999998	1.738108	0.01536087008653786	-0.23603818944666033	-0.14640200000000003	-0.149018	62.089508
TYR A83	-0.24368259381354185	-4.5149530399432445	-0.0024909999999999967	0.1313390000000001	0.004245584985624845	-0.31709273479093975	0.0	0.0	56.16809
PRO A84	-0.0027196063532384032	-0.08346167423292233	0.968251	0.968251	-0.04184058226908366	-0.04364784239802516	0.631115	0.631115	61.705063
THR A324	-0.04890349551303031	-0.5236803856933111	0.7346269999999999	0.7842739999999999	0.08171774267347785	-0.2893107024636603	0.29862999999999995	0.33429299999999995	41.23099
GLN A325	-0.004600649541060944	-0.7034251145729882	-6.270937999999999	-6.326391999999999	-0.019532457900301444	-0.3713694479971765	-0.628443	-0.553697	36.543568
GLY A326	0.0005516756242360492	-0.5719534657863636	-0.3912420000000001	-0.34300100000000006	0.0005516756242360492	-0.5719534657863636	-0.3912420000000001	-0.34300100000000006	40.465622
PHE A327	-0.006674667507014895	-0.18851015232503027	0.007070999999999999	0.007070999999999999	-0.0020483609943445997	-0.14723956024082366	0.007070999999999999	0.007070999999999999	46.5239
GLU A329	-0.45474182803728735	-0.46711022160406185	-2.4223470000000002	-2.4223470000000002	-0.03684680780125493	-0.19892418378949867	-0.7088369999999999	-0.7088369999999999	40.424442
ASN A330	0.08544540857220245	-2.1637592654340927	-0.954062	-3.4380180000000005	-0.011885139626208196	-0.42134373498660055	-0.05331799999999999	-0.05331799999999999	42.291435
LEU A351	-0.0021830713065386703	-0.5152259805737907	0.0027739999999999996	0.0027739999999999996	-0.05380188832794395	-0.262756607717431	0.0027739999999999996	0.0027739999999999996	46.16059
GLY A352	-0.011983479727628695	-0.730967053028083	0.164764	0.164764	-0.011983479727628695	-0.730967053028083	0.164764	0.164764	45.295185
LYS A353	1.5985053092472379	-10.843534297787365	-0.38226799999999994	-2.836637	0.47515150870328043	-5.225065331775918	-0.2263	-0.373808	41.669456
GLY A354	0.022304932668008787	-3.582105127749938	-0.347121	-1.056245	0.022304932668008787	-3.582105127749938	-0.347121	-1.056245	39.7659
ASP A355	-0.6552759578541603	-4.281611617601599	0.017972999999999996	0.143938	-0.0445066352702204	-2.4012927381644515	0.055854	0.212129	43.69835
PHE A356	-0.02045939865516331	-0.5355334420627205	1.044962	1.044962	-0.007504030384689188	-0.23719146771654426	-0.069589	-0.069589	42.95004
ARG A357	0.3641089873539246	-1.4926508743198157	-0.483462	-1.2802229999999999	0.010227706374663631	-0.07122875795661467	0.0	0.0	46.811684
ALA A386	0.03771219016110265	-0.29119224250381964	0.429771	0.414798	0.03771219016110265	-0.29119224250381964	0.429771	0.414798	44.298115
ALA A387	0.006439559198009037	-0.22120551208233216	0.45920799999999995	0.45920799999999995	0.006439559198009037	-0.22120551208233216	0.45920799999999995	0.45920799999999995	41.36263
GLN A388	0.006805385451448728	-0.11366309272010142	-1.3326319999999998	-1.3326319999999998	0.007247669048250321	-0.09052320697206352	-0.05163	-0.05163	47.851784
ARG A393	0.43887941255489016	-0.7057219511550131	-1.305002	-1.999451	0.012084848322613683	-0.030649256196967855	-0.337356	-0.337356	43.289425
ARG E403	-3.60867051629826	-1.0461061896926622	-2.7479649999999998	-2.845993	-0.14429906149289734	-0.12334032488206173	0.0	0.0	70.39221
ASP E405	3.4880266748777604	-0.3546287944202224	-2.2664480000000005	-2.2664480000000005	0.617165982100623	-0.14903013086827455	0.03237999999999998	0.03237999999999998	73.242035
GLU E406	3.160117196363555	-0.1860102246610574	-0.709914	-0.709914	0.2636008915593855	-0.06254971694896928	0.0	0.0	75.66052
LYS E417	-1.3128791056658418	-1.7500489473810916	-0.607372	-1.5621970000000003	-0.14770039240159213	-0.1853770123920802	-0.24723100000000003	-0.24723100000000003	76.41323
TYR E421	-0.008730811493585422	-0.2654123581058642	-1.0472949999999996	-1.0472949999999996	-0.06077018318081399	-0.04290168959251949	-0.039184000000000004	-0.039184000000000004	79.96155
ASN E439	0.060212182284573146	-0.22885634928098553	-2.3949800000000003	-2.3949800000000003	0.13636223205497588	-0.09003981956869828	0.03182399999999999	0.03182399999999999	73.03636
LYS E444	-2.9504870615005485	-0.24346177859261134	-4.7737799999999995	-4.7737799999999995	-0.10420884346677622	-0.1728406115918035	0.501923	0.501923	74.853966
VAL E445	-0.053331574680878235	-0.6939518231745462	1.138445	1.272034	-0.6226868092640387	-0.35074160402807164	-0.6355470000000001	-0.6355470000000001	69.09498
GLY E446	0.09127863021100974	-1.4577747638740512	0.2880209999999999	-0.11580499999999999	0.09127863021100974	-1.4577747638740512	0.2880209999999999	-0.11580499999999999	69.306816
GLY E447	-0.025772239932341165	-0.5803763259263061	-0.213404	-0.213404	-0.025772239932341165	-0.5803763259263061	-0.213404	-0.213404	70.84966
ASN E448	0.018124892498905774	-0.21915676431002595	-1.415694	-1.415694	0.15822460999726995	-0.18855297299918689	0.0074860000000000005	0.0074860000000000005	77.71331
TYR E449	0.8181578439089892	-0.7884256036873867	5.32785	5.390475	-0.05099755868305562	-0.14985357217995623	-0.17142199999999996	-0.17142199999999996	73.54741
TYR E453	0.03490691880886443	4.887733942512296	0.47075700000000004	-0.22081799999999996	-0.026299448971941846	-0.12021308624067095	0.0	0.0	78.10427
ARG E454	-2.591392541567272	-0.17988117456718863	-0.331947	-0.331947	-0.07675704600220112	-0.12580403662901327	0.0	0.0	86.0289
LEU E455	-0.0928550508354516	-5.818349471523721	0.0	0.777803	0.1386474901466328	-0.8339450814517058	0.0	0.0	73.91505
PHE E456	0.02344666177078643	-3.8441128276658647	0.831582	5.842233000000001	-0.024476838025740518	-0.4129487541146655	-0.005136000000000002	-0.005136000000000002	77.61366
ARG E457	-2.4177598174760275	-0.1391086326877355	-1.8285900000000002	-1.8285900000000002	-0.05628623420222407	-0.11098181453103131	-0.18158599999999997	-0.18158599999999997	90.35713
TYR E473	0.0371500889867911	-1.2142734472194765	-0.463174	0.21892099999999992	-0.017225904114901477	-0.21396895802473748	0.036081	0.036081	78.16954
GLN E474	-0.0347910822269374	-0.3356115956521207	-4.069666	-4.069666	0.006442888879601261	-0.2466492103306509	-0.28141099999999997	-0.28141099999999997	82.31831
ALA E475	0.08259449774825633	-2.870938246622823	-0.19132199999999996	-0.5965509999999999	0.08259449774825633	-2.870938246622823	-0.19132199999999996	-0.5965509999999999	76.77835
GLY E476	0.03829736193620145	-1.5769555459187192	-0.18502199999999996	0.02914600000000006	0.03829736193620145	-1.5769555459187192	-0.18502199999999996	0.02914600000000006	77.36334
SER E477	0.00027227801041900906	-0.5282924584822913	-1.137273	-1.290289	-0.6029331156753179	-0.46311570599117785	-0.03066800000000003	-0.18368400000000007	79.912636
THR E478	0.03256105602578496	-0.18981501470300965	0.9196620000000002	0.9196620000000002	-0.8224966607744134	-0.11908647007023246	0.25105700000000003	0.25105700000000003	77.61436
GLU E484	3.5153223586545232	-0.7443424316861977	-3.617464000000001	-4.581118000000001	0.22555545246834063	-0.18381818785481613	-0.9154620000000002	-0.9154620000000002	77.58167
GLY E485	0.05466325756523467	-0.42410328057365104	0.533843	0.542108	0.05466325756523467	-0.42410328057365104	0.533843	0.542108	75.11162
PHE E486	0.024586777770419878	-7.117907061707821	3.395701	13.004075	-0.03815453544767298	-1.480351774210252	-0.9783649999999999	-0.9333069999999999	73.97188
ASN E487	0.18734814869162636	-2.225592043887856	-0.7450749999999999	-3.725775	0.0531366064812749	-1.520665020166558	-0.134747	-0.204683	75.059265
CYS E488	0.012216028929530375	-0.44231600895886186	0.12057000000000001	0.12057000000000001	-0.331086060871358	-0.39208993855856117	-0.01138	-0.01138	79.09385
TYR E489	-0.2706834236675623	-8.734473015069252	1.639238	5.175933	-0.16888224427975154	-0.9877231074888738	0.000912	0.081643	76.185646
PHE E490	0.1432181121347794	-0.5717020800324144	7.275958	7.269448000000001	0.12758502457000456	-0.43824932655287924	0.071725	0.065215	77.90557
PRO E491	0.019343512980971363	-0.2322859268419904	0.061256	0.061256	0.459341065969358	-0.1907679551901369	0.05662	0.05662	81.27891
LEU E492	0.041083111699085594	-0.24554905222320442	-0.09539800000000001	-0.09539800000000001	0.29900405794657425	-0.2086269684180607	-0.134044	-0.134044	82.33757
GLN E493	0.3870025386154864	-3.557245152272526	-0.402954	-1.4089639999999999	0.010159901340525974	-0.8044065175972415	0.011628	0.011760999999999999	73.439964
SER E494	0.060377714241484574	-0.6200571372831413	-0.7270479999999998	-0.7270479999999998	-0.6292693737443655	-0.5634027855090528	-0.7270479999999998	-0.7270479999999998	75.13822
TYR E495	-0.19609355101272957	-0.8006231701135759	0.702555	0.702555	-0.21212511509999488	-0.5299653890796105	0.077292	0.077292	77.8839
GLY E496	0.3679626503380869	-2.1078382670441056	-0.6628109999999999	-1.449187	0.3679626503380869	-2.1078382670441056	-0.6628109999999999	-1.449187	71.03563
PHE E497	-0.016407500170096685	-0.7911741732672686	0.217227	0.217227	-0.042418569060745176	-0.5315991225418544	0.0	0.0	76.56139
GLN E498	0.49470766987492104	-6.314042971135699	0.019874	-2.3979459999999997	-0.021647717184179186	-1.667749042262126	0.008873	0.035834	67.4057
PRO E499	-0.03128703277782011	-0.856863277385856	0.41513700000000003	0.41513700000000003	0.5167311001406021	-0.6349967461538281	0.163862	0.163862	71.452705
THR E500	-0.20197472346359732	-7.5292783287193314	0.530229	-0.031126999999999905	-1.141727893384763	-5.635450156399041	0.009425000000000003	-0.337772	65.06903
ASN E501	0.030904807826754775	-8.022305493725858	-0.18538	-0.8729100000000001	0.2950431648732358	-4.657270356338398	-0.127596	-0.0007079999999999899	70.6637
GLY E502	0.19932862589330394	-2.2134439028430126	0.23324399999999998	-0.8271399999999999	0.19932862589330394	-2.2134439028430126	0.23324399999999998	-0.8271399999999999	67.406
VAL E503	-0.06668279895508467	-1.0450403617106923	0.9767589999999999	1.1285880000000001	-0.6329618705832709	-0.6570173175586489	-0.3908419999999999	-0.3908419999999999	71.93351
GLY E504	-0.04521273682192715	-0.44434494743815134	-0.9009849999999999	-0.9009849999999999	-0.04521273682192715	-0.44434494743815134	-0.9009849999999999	-0.9009849999999999	70.84655
TYR E505	-0.018958529655866453	-9.55517620864241	1.6061640000000001	7.242669999999999	-0.004341442385768434	-1.9954300962571694	-0.033880999999999994	-0.012182999999999996	69.57086
GLN E506	-0.037055510487637645	-0.7093811923762299	-2.1355589999999998	-2.1355589999999998	0.0029141556209098425	-0.2777528901707026	0.0	0.0	70.163185
Total   	3.0568911322736696	-168.52810872264072	-45.57475799999999	-53.90555100000002	5.493313000000003	-162.6337375903669	-	-
